Name,Description,Mapped_to_Departments,Mapped_to_Functions,Mapped_to_Responsibilities,Responsibilities,Unique_ID,🏫 Departments,🏫 Functions
Chief Scientific Officer,Leads overall scientific research strategy and R&D vision,DEPT-001,FUNC-001,"RESP-001, RESP-002, RESP-003, RESP-004, RESP-005","Set R&D Strategy (https://www.notion.so/Set-R-D-Strategy-2753dedf98568163ba61eba50e6748f9?pvs=21), Lead Scientific Innovation (https://www.notion.so/Lead-Scientific-Innovation-2753dedf9856814aa5cae3f2640de726?pvs=21), Manage R&D Budget (https://www.notion.so/Manage-R-D-Budget-2753dedf985681749063d64223bebae3?pvs=21), Build Research Partnerships (https://www.notion.so/Build-Research-Partnerships-2753dedf98568174a6a2f46710c32c55?pvs=21), Represent Science Externally (https://www.notion.so/Represent-Science-Externally-2753dedf98568124bb5bc0341e92a188?pvs=21)",ROLE-001,Drug Discovery (https://www.notion.so/Drug-Discovery-2753dedf985681468c74cc7b52177261?pvs=21),Research & Development (https://www.notion.so/Research-Development-2753dedf985681a8a73ae6a753a46224?pvs=21)
Head of Discovery,Manages drug discovery programs and research teams,DEPT-001,FUNC-001,"RESP-006, RESP-007, RESP-008, RESP-009, RESP-010","Manage Discovery Portfolio (https://www.notion.so/Manage-Discovery-Portfolio-2753dedf985681329e2ccac5f158ec2f?pvs=21), Lead Target Selection (https://www.notion.so/Lead-Target-Selection-2753dedf985681d1918ce46e691fd9fb?pvs=21), Optimize Discovery Process (https://www.notion.so/Optimize-Discovery-Process-2753dedf985681289de8ea9bd2b19754?pvs=21), Manage Discovery Teams (https://www.notion.so/Manage-Discovery-Teams-2753dedf985681ec8a28fef9670c0bd6?pvs=21), Review Discovery Data (https://www.notion.so/Review-Discovery-Data-2753dedf985681d5bed2d42983f6b7d2?pvs=21)",ROLE-002,Drug Discovery (https://www.notion.so/Drug-Discovery-2753dedf985681468c74cc7b52177261?pvs=21),Research & Development (https://www.notion.so/Research-Development-2753dedf985681a8a73ae6a753a46224?pvs=21)
Medicinal Chemist,Designs and synthesizes novel drug candidates,DEPT-001,FUNC-001,"RESP-016, RESP-017, RESP-018, RESP-019, RESP-020","Design Drug Molecules (https://www.notion.so/Design-Drug-Molecules-2753dedf985681a285eee53acf4d7830?pvs=21), Synthesize Compounds (https://www.notion.so/Synthesize-Compounds-2753dedf985681609f71c19e82bfc8f3?pvs=21), Optimize Lead Compounds (https://www.notion.so/Optimize-Lead-Compounds-2753dedf9856816d8ff4cda321f504a5?pvs=21), Analyze Structure-Activity (https://www.notion.so/Analyze-Structure-Activity-2753dedf9856815289bdc35f5cb0ef4b?pvs=21), Document Chemistry Work (https://www.notion.so/Document-Chemistry-Work-2753dedf985681ddaa47f9b1d4b8a404?pvs=21)",ROLE-004,Drug Discovery (https://www.notion.so/Drug-Discovery-2753dedf985681468c74cc7b52177261?pvs=21),Research & Development (https://www.notion.so/Research-Development-2753dedf985681a8a73ae6a753a46224?pvs=21)
Principal Scientist,Leads individual research projects and scientific initiatives,DEPT-001,FUNC-001,"RESP-011, RESP-012, RESP-013, RESP-014, RESP-015","Design Research Studies (https://www.notion.so/Design-Research-Studies-2753dedf985681e5a2aee76be611a289?pvs=21), Conduct Experiments (https://www.notion.so/Conduct-Experiments-2753dedf98568113b3d5f3f9a384fa2a?pvs=21), Analyze Research Data (https://www.notion.so/Analyze-Research-Data-2753dedf9856812e8801d5d6b16f714a?pvs=21), Write Scientific Papers (https://www.notion.so/Write-Scientific-Papers-2753dedf9856819c8735d96a9dcd35bd?pvs=21), Present Research Findings (https://www.notion.so/Present-Research-Findings-2753dedf98568157befac36728d1d32b?pvs=21)",ROLE-003,Drug Discovery (https://www.notion.so/Drug-Discovery-2753dedf985681468c74cc7b52177261?pvs=21),Research & Development (https://www.notion.so/Research-Development-2753dedf985681a8a73ae6a753a46224?pvs=21)
Molecular Biologist,Studies molecular mechanisms and drug targets,DEPT-001,FUNC-001,"RESP-021, RESP-022, RESP-023, RESP-024, RESP-025","Study Disease Mechanisms (https://www.notion.so/Study-Disease-Mechanisms-2753dedf9856816d8b72c307b7c95b9a?pvs=21), Validate Drug Targets (https://www.notion.so/Validate-Drug-Targets-2753dedf9856815fb8aae6757a3f32d2?pvs=21), Develop Assays (https://www.notion.so/Develop-Assays-2753dedf985681439723c7b3f1ed99a8?pvs=21), Screen Compounds (https://www.notion.so/Screen-Compounds-2753dedf9856810db599f1eb1675ff1c?pvs=21), Characterize Drug Effects (https://www.notion.so/Characterize-Drug-Effects-2753dedf985681a9b01ac6783f093989?pvs=21)",ROLE-005,Drug Discovery (https://www.notion.so/Drug-Discovery-2753dedf985681468c74cc7b52177261?pvs=21),Research & Development (https://www.notion.so/Research-Development-2753dedf985681a8a73ae6a753a46224?pvs=21)
Toxicologist,Assesses drug safety profiles and toxicity,DEPT-002,FUNC-001,"RESP-031, RESP-032, RESP-033, RESP-034, RESP-035","Design Toxicology Studies (https://www.notion.so/Design-Toxicology-Studies-2753dedf985681ac8730e5c024200a6b?pvs=21), Assess Safety Profiles (https://www.notion.so/Assess-Safety-Profiles-2753dedf98568165824cde788c7f5047?pvs=21), Determine NOAEL (https://www.notion.so/Determine-NOAEL-2753dedf98568132a9f7fb5d9740ee83?pvs=21), Write Toxicology Reports (https://www.notion.so/Write-Toxicology-Reports-2753dedf985681dda286cd27bd6df134?pvs=21), Support Regulatory Submissions (https://www.notion.so/Support-Regulatory-Submissions-2753dedf98568112b317e391395794cf?pvs=21)",ROLE-007,Preclinical Development (https://www.notion.so/Preclinical-Development-2753dedf985681abbf9ae07c57a7bb5e?pvs=21),Research & Development (https://www.notion.so/Research-Development-2753dedf985681a8a73ae6a753a46224?pvs=21)
Head of Preclinical,Oversees all preclinical development activities,DEPT-002,FUNC-001,"RESP-026, RESP-027, RESP-028, RESP-029, RESP-030","Plan Preclinical Studies (https://www.notion.so/Plan-Preclinical-Studies-2753dedf9856818aaa72d47b37f3a119?pvs=21), Manage IND-Enabling Studies (https://www.notion.so/Manage-IND-Enabling-Studies-2753dedf985681e9a53ffed6bbfefb86?pvs=21), Coordinate CROs (https://www.notion.so/Coordinate-CROs-2753dedf9856811b936ec235510dfae6?pvs=21), Review Safety Data (https://www.notion.so/Review-Safety-Data-2753dedf985681cf8f50fa53a8f0bd64?pvs=21), Interface with Clinical (https://www.notion.so/Interface-with-Clinical-2753dedf9856813dad7ac58e3d0a3ce0?pvs=21)",ROLE-006,Preclinical Development (https://www.notion.so/Preclinical-Development-2753dedf985681abbf9ae07c57a7bb5e?pvs=21),Research & Development (https://www.notion.so/Research-Development-2753dedf985681a8a73ae6a753a46224?pvs=21)
DMPK Scientist,Analyzes drug metabolism and pharmacokinetics,DEPT-002,FUNC-001,"RESP-041, RESP-042, RESP-043, RESP-044, RESP-045","Analyze Drug Metabolism (https://www.notion.so/Analyze-Drug-Metabolism-2753dedf9856816d9539ecc54942cb5d?pvs=21), Measure Drug Exposure (https://www.notion.so/Measure-Drug-Exposure-2753dedf985681459457dc4e8e81662f?pvs=21), Assess Bioavailability (https://www.notion.so/Assess-Bioavailability-2753dedf98568170bf63e84e8b80de75?pvs=21), Predict Drug Clearance (https://www.notion.so/Predict-Drug-Clearance-2753dedf985681dfb441d8b8257fc251?pvs=21), Optimize ADME Properties (https://www.notion.so/Optimize-ADME-Properties-2753dedf985681e2a5d8cc471278ae70?pvs=21)",ROLE-009,Preclinical Development (https://www.notion.so/Preclinical-Development-2753dedf985681abbf9ae07c57a7bb5e?pvs=21),Research & Development (https://www.notion.so/Research-Development-2753dedf985681a8a73ae6a753a46224?pvs=21)
Pharmacologist,"Studies drug effects, mechanisms, and interactions",DEPT-002,FUNC-001,"RESP-036, RESP-037, RESP-038, RESP-039, RESP-040","Conduct PK/PD Studies (https://www.notion.so/Conduct-PK-PD-Studies-2753dedf985681d59a4bd893f1b62dea?pvs=21), Evaluate Drug Interactions (https://www.notion.so/Evaluate-Drug-Interactions-2753dedf985681ae84fbc3b38dc80dfe?pvs=21), Model Dose-Response (https://www.notion.so/Model-Dose-Response-2753dedf985681ad8f48d9983b6f196e?pvs=21), Predict Human Doses (https://www.notion.so/Predict-Human-Doses-2753dedf98568157a513c542c4bb1207?pvs=21)",ROLE-008,Preclinical Development (https://www.notion.so/Preclinical-Development-2753dedf985681abbf9ae07c57a7bb5e?pvs=21),Research & Development (https://www.notion.so/Research-Development-2753dedf985681a8a73ae6a753a46224?pvs=21)
Formulation Scientist,Develops early drug formulations and delivery systems,DEPT-002,FUNC-001,"RESP-046, RESP-047, RESP-048, RESP-049, RESP-050","Develop Formulations (https://www.notion.so/Develop-Formulations-2753dedf98568115987ac92d0deab296?pvs=21), Optimize Drug Delivery (https://www.notion.so/Optimize-Drug-Delivery-2753dedf985681cb80e0c82ee1cb8069?pvs=21), Conduct Stability Studies (https://www.notion.so/Conduct-Stability-Studies-2753dedf985681b59ec8cfe6c98c5f37?pvs=21), Scale Formulation Process (https://www.notion.so/Scale-Formulation-Process-2753dedf985681558b34cd41c2ad8a4b?pvs=21), Transfer to Manufacturing (https://www.notion.so/Transfer-to-Manufacturing-2753dedf985681f89e39d8bad2892534?pvs=21)",ROLE-010,Preclinical Development (https://www.notion.so/Preclinical-Development-2753dedf985681abbf9ae07c57a7bb5e?pvs=21),Research & Development (https://www.notion.so/Research-Development-2753dedf985681a8a73ae6a753a46224?pvs=21)
Head of Translational Medicine,Bridges preclinical and clinical development,DEPT-003,FUNC-001,"RESP-051, RESP-052, RESP-053, RESP-054, RESP-055","Bridge Preclinical-Clinical (https://www.notion.so/Bridge-Preclinical-Clinical-2753dedf985681f988f9c0a56a6060fe?pvs=21), Develop Biomarker Strategy (https://www.notion.so/Develop-Biomarker-Strategy-2753dedf98568115a7e8f3f0aac5ad55?pvs=21), Design First-in-Human (https://www.notion.so/Design-First-in-Human-2753dedf985681429640fe1ad8a29853?pvs=21), Establish Proof-of-Concept (https://www.notion.so/Establish-Proof-of-Concept-2753dedf9856812d89b7cbe5781d7445?pvs=21), Guide Dose Selection (https://www.notion.so/Guide-Dose-Selection-2753dedf98568179b216f3a75b24d6e1?pvs=21)",ROLE-011,Translational Medicine (https://www.notion.so/Translational-Medicine-2753dedf985681fab4a4fa0fca69cf27?pvs=21),Research & Development (https://www.notion.so/Research-Development-2753dedf985681a8a73ae6a753a46224?pvs=21)
Translational Scientist,Conducts translational research and biomarker studies,DEPT-003,FUNC-001,"RESP-056, RESP-057, RESP-058, RESP-059, RESP-060","Conduct Translational Research (https://www.notion.so/Conduct-Translational-Research-2753dedf985681a48999cd3b0b0e0d20?pvs=21), Validate Biomarkers (https://www.notion.so/Validate-Biomarkers-2753dedf985681bc8226fc75ca694908?pvs=21), Analyze Patient Samples (https://www.notion.so/Analyze-Patient-Samples-2753dedf985681cc8ee6c3df718207ff?pvs=21), Develop Companion Diagnostics (https://www.notion.so/Develop-Companion-Diagnostics-2753dedf98568188a61fd093a692a4b2?pvs=21), Support Clinical Trials (https://www.notion.so/Support-Clinical-Trials-2753dedf9856818d9192dedcfda8898e?pvs=21)",ROLE-012,Translational Medicine (https://www.notion.so/Translational-Medicine-2753dedf985681fab4a4fa0fca69cf27?pvs=21),Research & Development (https://www.notion.so/Research-Development-2753dedf985681a8a73ae6a753a46224?pvs=21)
Pharmacogenomics Scientist,Studies genetic factors affecting drug response,DEPT-003,FUNC-001,"RESP-066, RESP-067, RESP-068, RESP-069, RESP-070","Study Genetic Variations (https://www.notion.so/Study-Genetic-Variations-2753dedf9856819babb8f92186994b20?pvs=21), Identify Patient Subgroups (https://www.notion.so/Identify-Patient-Subgroups-2753dedf9856810ab720e3b7599c1eea?pvs=21), Develop Genetic Tests (https://www.notion.so/Develop-Genetic-Tests-2753dedf98568149b722c9dc99519d67?pvs=21), Analyze Genomic Data (https://www.notion.so/Analyze-Genomic-Data-2753dedf9856818cad64ea3c96656331?pvs=21), Guide Personalized Medicine (https://www.notion.so/Guide-Personalized-Medicine-2753dedf9856813aae07d6d40804b647?pvs=21)",ROLE-014,Translational Medicine (https://www.notion.so/Translational-Medicine-2753dedf985681fab4a4fa0fca69cf27?pvs=21),Research & Development (https://www.notion.so/Research-Development-2753dedf985681a8a73ae6a753a46224?pvs=21)
Biomarker Specialist,Develops and validates biomarker strategies,DEPT-003,FUNC-001,"RESP-061, RESP-062, RESP-063, RESP-064, RESP-065","Identify Biomarkers (https://www.notion.so/Identify-Biomarkers-2753dedf985681a39d64e987ecccd5a8?pvs=21), Develop Biomarker Assays (https://www.notion.so/Develop-Biomarker-Assays-2753dedf985681d686aefa2ffa3e199e?pvs=21), Validate Biomarker Methods (https://www.notion.so/Validate-Biomarker-Methods-2753dedf985681908295d8bae39643d1?pvs=21), Analyze Biomarker Data (https://www.notion.so/Analyze-Biomarker-Data-2753dedf9856817d8984e440496bbf2c?pvs=21), Report Biomarker Results (https://www.notion.so/Report-Biomarker-Results-2753dedf9856812c8bbaf72c1698ad8d?pvs=21)",ROLE-013,Translational Medicine (https://www.notion.so/Translational-Medicine-2753dedf985681fab4a4fa0fca69cf27?pvs=21),Research & Development (https://www.notion.so/Research-Development-2753dedf985681a8a73ae6a753a46224?pvs=21)
Systems Biologist,Applies systems biology to drug development,DEPT-003,FUNC-001,"RESP-071, RESP-072, RESP-073, RESP-074, RESP-075","Apply Systems Biology (https://www.notion.so/Apply-Systems-Biology-2753dedf98568113a1bce6669dc78695?pvs=21), Model Biological Networks (https://www.notion.so/Model-Biological-Networks-2753dedf98568118b0cdd81a95c24f08?pvs=21), Integrate Multi-Omics (https://www.notion.so/Integrate-Multi-Omics-2753dedf9856819db01fcb680edee98e?pvs=21), Predict Drug Effects (https://www.notion.so/Predict-Drug-Effects-2753dedf985681bc8642d338f68cfe7d?pvs=21), Identify Drug Targets (https://www.notion.so/Identify-Drug-Targets-2753dedf9856814094c0dc4cc076c6a8?pvs=21)",ROLE-015,Translational Medicine (https://www.notion.so/Translational-Medicine-2753dedf985681fab4a4fa0fca69cf27?pvs=21),"Research & Development (https://www.notion.so/Research-Development-2753dedf985681a8a73ae6a753a46224?pvs=21), Medical Affairs (https://www.notion.so/Medical-Affairs-2753dedf98568199b005d55c03e05a2e?pvs=21)"
VP Clinical Operations,Leads clinical trial operations globally,DEPT-004,FUNC-002,"RESP-076, RESP-077, RESP-078, RESP-079, RESP-080","Lead Trial Operations (https://www.notion.so/Lead-Trial-Operations-2753dedf9856810aa2e3cfa8f3ad4340?pvs=21), Manage Trial Budgets (https://www.notion.so/Manage-Trial-Budgets-2753dedf985681688694ec3e53736ea6?pvs=21), Optimize Trial Processes (https://www.notion.so/Optimize-Trial-Processes-2753dedf98568148866be281ed1f47a2?pvs=21), Ensure Trial Quality (https://www.notion.so/Ensure-Trial-Quality-2753dedf985681bc83cafd08d218bb32?pvs=21), Manage Vendor Relationships (https://www.notion.so/Manage-Vendor-Relationships-2753dedf98568108bb40cc55f1d2fc42?pvs=21)",ROLE-016,Clinical Operations (https://www.notion.so/Clinical-Operations-2753dedf9856819ba33ce65e0eaf4a86?pvs=21),Clinical Development (https://www.notion.so/Clinical-Development-2753dedf985681abb32ce2905afa34f7?pvs=21)
Clinical Trial Manager,Manages individual clinical trials end-to-end,DEPT-004,FUNC-002,"RESP-081, RESP-082, RESP-083, RESP-084, RESP-085","Plan Clinical Trials (https://www.notion.so/Plan-Clinical-Trials-2753dedf9856817fa20ef0321607bf4c?pvs=21), Manage Trial Timelines (https://www.notion.so/Manage-Trial-Timelines-2753dedf98568199b898c42d5a403637?pvs=21), Coordinate Trial Activities (https://www.notion.so/Coordinate-Trial-Activities-2753dedf9856810cbe57c16d00cf67f7?pvs=21), Track Trial Progress (https://www.notion.so/Track-Trial-Progress-2753dedf985681c7aa85d2eebcc004ba?pvs=21), Report Trial Status (https://www.notion.so/Report-Trial-Status-2753dedf985681e29503f3feea8d6124?pvs=21)",ROLE-017,Clinical Operations (https://www.notion.so/Clinical-Operations-2753dedf9856819ba33ce65e0eaf4a86?pvs=21),Clinical Development (https://www.notion.so/Clinical-Development-2753dedf985681abb32ce2905afa34f7?pvs=21)
Clinical Research Associate,Monitors clinical trial sites and ensures compliance,DEPT-004,FUNC-002,"RESP-086, RESP-087, RESP-088, RESP-089, RESP-090","Monitor Trial Sites (https://www.notion.so/Monitor-Trial-Sites-2753dedf98568176bf36c6e29596dbb1?pvs=21), Verify Source Data (https://www.notion.so/Verify-Source-Data-2753dedf9856815294dad665ab04e7df?pvs=21), Ensure Protocol Compliance (https://www.notion.so/Ensure-Protocol-Compliance-2753dedf985681bc9840dc588c03d820?pvs=21), Manage Site Issues (https://www.notion.so/Manage-Site-Issues-2753dedf9856813c990df8ca2166073b?pvs=21), Train Site Staff (https://www.notion.so/Train-Site-Staff-2753dedf985681048b55f62ae1ff6cc6?pvs=21)",ROLE-018,Clinical Operations (https://www.notion.so/Clinical-Operations-2753dedf9856819ba33ce65e0eaf4a86?pvs=21),Clinical Development (https://www.notion.so/Clinical-Development-2753dedf985681abb32ce2905afa34f7?pvs=21)
Study Coordinator,Coordinates trial activities at site level,DEPT-004,FUNC-002,"RESP-091, RESP-092, RESP-093, RESP-094, RESP-095","Coordinate Site Activities (https://www.notion.so/Coordinate-Site-Activities-2753dedf985681fd9124d110a1283170?pvs=21), Recruit Patients (https://www.notion.so/Recruit-Patients-2753dedf9856811eab1fe4f435ea55eb?pvs=21), Manage Site Documentation (https://www.notion.so/Manage-Site-Documentation-2753dedf98568169934ec4ebaacdf3bc?pvs=21), Support Site Visits (https://www.notion.so/Support-Site-Visits-2753dedf985681389307ea706f1f9bce?pvs=21), Ensure Site Compliance (https://www.notion.so/Ensure-Site-Compliance-2753dedf985681b68fb9e4bd0739c025?pvs=21)",ROLE-019,Clinical Operations (https://www.notion.so/Clinical-Operations-2753dedf9856819ba33ce65e0eaf4a86?pvs=21),Clinical Development (https://www.notion.so/Clinical-Development-2753dedf985681abb32ce2905afa34f7?pvs=21)
Clinical Supply Manager,Manages clinical trial material supply chain,DEPT-004,FUNC-002,"RESP-096, RESP-097, RESP-098, RESP-099, RESP-100","Manage Drug Supply (https://www.notion.so/Manage-Drug-Supply-2753dedf985681308b32eb875812c247?pvs=21), Forecast Drug Needs (https://www.notion.so/Forecast-Drug-Needs-2753dedf9856817eba26e56e08d176f4?pvs=21), Coordinate Distribution (https://www.notion.so/Coordinate-Distribution-2753dedf98568176a265e94ba3cc47a1?pvs=21), Track Drug Inventory (https://www.notion.so/Track-Drug-Inventory-2753dedf98568102bf58ffb33e3fb9e4?pvs=21), Manage Returns (https://www.notion.so/Manage-Returns-2753dedf9856816eb961d767ca0ab76d?pvs=21)",ROLE-020,Clinical Operations (https://www.notion.so/Clinical-Operations-2753dedf9856819ba33ce65e0eaf4a86?pvs=21),Clinical Development (https://www.notion.so/Clinical-Development-2753dedf985681abb32ce2905afa34f7?pvs=21)
Therapeutic Area Head,Leads clinical development in specific therapeutic area,DEPT-005,FUNC-002,"RESP-106, RESP-107, RESP-108, RESP-109, RESP-110","Lead Therapeutic Strategy (https://www.notion.so/Lead-Therapeutic-Strategy-2753dedf98568103931eef78285ad676?pvs=21), Design Clinical Programs (https://www.notion.so/Design-Clinical-Programs-2753dedf98568155af70ca980d26cc27?pvs=21), Review TA Protocols (https://www.notion.so/Review-TA-Protocols-2753dedf985681bcb9c2f4841f93ebc6?pvs=21), Provide TA Expertise (https://www.notion.so/Provide-TA-Expertise-2753dedf98568128b346e10344bbcac7?pvs=21), Engage with KOLs (https://www.notion.so/Engage-with-KOLs-2753dedf9856819d95a1d2af6132cf0d?pvs=21)",ROLE-022,Clinical Development (https://www.notion.so/Clinical-Development-2753dedf985681c69375cf5c47a8da54?pvs=21),Clinical Development (https://www.notion.so/Clinical-Development-2753dedf985681abb32ce2905afa34f7?pvs=21)
Chief Medical Officer,Provides medical leadership and strategy,DEPT-005,FUNC-002,"RESP-101, RESP-102, RESP-103, RESP-104, RESP-105","Provide Medical Leadership (https://www.notion.so/Provide-Medical-Leadership-2753dedf985681b18d79cda7d087c911?pvs=21), Review Clinical Data (https://www.notion.so/Review-Clinical-Data-2753dedf985681baab34c8aa540cadb5?pvs=21), Make Go/No-Go Decisions (https://www.notion.so/Make-Go-No-Go-Decisions-2753dedf9856817295c8ef40d2896729?pvs=21), Interface with Regulators (https://www.notion.so/Interface-with-Regulators-2753dedf98568122aa1fc9f64e3a1c3a?pvs=21), Present to Investors (https://www.notion.so/Present-to-Investors-2753dedf98568165bad7d726940ff7dc?pvs=21)",ROLE-021,Clinical Development (https://www.notion.so/Clinical-Development-2753dedf985681c69375cf5c47a8da54?pvs=21),Clinical Development (https://www.notion.so/Clinical-Development-2753dedf985681abb32ce2905afa34f7?pvs=21)
Clinical Scientist,Designs clinical studies and protocols,DEPT-005,FUNC-002,"RESP-111, RESP-112, RESP-113, RESP-114, RESP-115","Design Study Protocols (https://www.notion.so/Design-Study-Protocols-2753dedf985681938499efa60565fa2f?pvs=21), Select Study Endpoints (https://www.notion.so/Select-Study-Endpoints-2753dedf985681a28a51c6a5928b4071?pvs=21), Calculate Sample Size (https://www.notion.so/Calculate-Sample-Size-2753dedf985681fcb840c69a39838657?pvs=21), Define Inclusion Criteria (https://www.notion.so/Define-Inclusion-Criteria-2753dedf985681efad98f7274660871b?pvs=21), Write Study Synopsis (https://www.notion.so/Write-Study-Synopsis-2753dedf985681babb93feb6a79aac90?pvs=21)",ROLE-023,Clinical Development (https://www.notion.so/Clinical-Development-2753dedf985681c69375cf5c47a8da54?pvs=21),"Legal (https://www.notion.so/Legal-2753dedf985681dfb537f92ad5ccced5?pvs=21), Clinical Development (https://www.notion.so/Clinical-Development-2753dedf985681abb32ce2905afa34f7?pvs=21)"
Medical Monitor,Provides medical oversight of clinical trials,DEPT-005,FUNC-002,"RESP-116, RESP-117, RESP-118, RESP-119, RESP-120","Provide Medical Oversight (https://www.notion.so/Provide-Medical-Oversight-2753dedf985681dda8b2d6dea7777e31?pvs=21), Review Safety Data (https://www.notion.so/Review-Safety-Data-2753dedf985681d0a6cdcaa412eb5e44?pvs=21), Make Medical Decisions (https://www.notion.so/Make-Medical-Decisions-2753dedf985681288e71dead51c481a7?pvs=21), Interface with Sites (https://www.notion.so/Interface-with-Sites-2753dedf9856818aaed2e3a00681a818?pvs=21), Support Data Review (https://www.notion.so/Support-Data-Review-2753dedf9856814f86addfd894eb0c95?pvs=21)",ROLE-024,Clinical Development (https://www.notion.so/Clinical-Development-2753dedf985681c69375cf5c47a8da54?pvs=21),Clinical Development (https://www.notion.so/Clinical-Development-2753dedf985681abb32ce2905afa34f7?pvs=21)
Protocol Writer,Authors clinical trial protocols,DEPT-005,FUNC-002,"RESP-121, RESP-122, RESP-123, RESP-124, RESP-125","Write Clinical Protocols (https://www.notion.so/Write-Clinical-Protocols-2753dedf985681119cbefbd168f1f4a7?pvs=21), Develop Protocol Amendments (https://www.notion.so/Develop-Protocol-Amendments-2753dedf985681e08077d201c51f9ad5?pvs=21), Create Study Documents (https://www.notion.so/Create-Study-Documents-2753dedf9856813a8e21f1fcf1ffa453?pvs=21), Ensure Protocol Quality (https://www.notion.so/Ensure-Protocol-Quality-2753dedf985681589f52c90e9a44e843?pvs=21), Incorporate Feedback (https://www.notion.so/Incorporate-Feedback-2753dedf9856813f9eede727effbd1b0?pvs=21)",ROLE-025,Clinical Development (https://www.notion.so/Clinical-Development-2753dedf985681c69375cf5c47a8da54?pvs=21),Clinical Development (https://www.notion.so/Clinical-Development-2753dedf985681abb32ce2905afa34f7?pvs=21)
Head of Data Management,Leads clinical data management function,DEPT-006,FUNC-002,"RESP-126, RESP-127, RESP-128, RESP-129, RESP-130","Lead Data Management (https://www.notion.so/Lead-Data-Management-2753dedf98568144b399e4515eb38365?pvs=21), Define Data Standards (https://www.notion.so/Define-Data-Standards-2753dedf98568155a3fdc17f65c00d7b?pvs=21), Oversee Database Build (https://www.notion.so/Oversee-Database-Build-2753dedf985681b48b45ea60b92b5a44?pvs=21), Ensure Data Quality (https://www.notion.so/Ensure-Data-Quality-2753dedf985681e19782c961263a86a9?pvs=21), Manage Data Transfers (https://www.notion.so/Manage-Data-Transfers-2753dedf9856818fbc07fb4f9e302671?pvs=21)",ROLE-026,Data Management (https://www.notion.so/Data-Management-2753dedf9856819686e0da5cc1c5e788?pvs=21),Clinical Development (https://www.notion.so/Clinical-Development-2753dedf985681abb32ce2905afa34f7?pvs=21)
Clinical Data Manager,Manages clinical trial data and databases,DEPT-006,FUNC-002,"RESP-131, RESP-132, RESP-133, RESP-134, RESP-135","Design CRFs (https://www.notion.so/Design-CRFs-2753dedf98568122acfae7f920c4ca57?pvs=21), Build Clinical Databases (https://www.notion.so/Build-Clinical-Databases-2753dedf9856817a8e34eae29f9f9f9c?pvs=21), Clean Clinical Data (https://www.notion.so/Clean-Clinical-Data-2753dedf985681d094ddc97f5539a144?pvs=21), Generate Queries (https://www.notion.so/Generate-Queries-2753dedf985681c99db3ccea8f968fe9?pvs=21), Lock Databases (https://www.notion.so/Lock-Databases-2753dedf98568163906cf8cc2ac11591?pvs=21)",ROLE-027,Data Management (https://www.notion.so/Data-Management-2753dedf9856819686e0da5cc1c5e788?pvs=21),Clinical Development (https://www.notion.so/Clinical-Development-2753dedf985681abb32ce2905afa34f7?pvs=21)
Database Programmer,Programs clinical databases and EDC systems,DEPT-006,FUNC-002,"RESP-136, RESP-137, RESP-138, RESP-139, RESP-140","Program EDC Systems (https://www.notion.so/Program-EDC-Systems-2753dedf985681f58d37ea10aa843f5a?pvs=21), Create Edit Checks (https://www.notion.so/Create-Edit-Checks-2753dedf98568106ada4c96e151ec5bd?pvs=21), Develop Data Reports (https://www.notion.so/Develop-Data-Reports-2753dedf985681408ecee2979c0295fb?pvs=21), Validate Databases (https://www.notion.so/Validate-Databases-2753dedf9856814495bee188ac1b5032?pvs=21), Support Data Queries (https://www.notion.so/Support-Data-Queries-2753dedf985681548ea6f194172b5542?pvs=21)",ROLE-028,Data Management (https://www.notion.so/Data-Management-2753dedf9856819686e0da5cc1c5e788?pvs=21),Clinical Development (https://www.notion.so/Clinical-Development-2753dedf985681abb32ce2905afa34f7?pvs=21)
Data Standards Specialist,Ensures CDISC compliance and data standards,DEPT-006,FUNC-002,"RESP-141, RESP-142, RESP-143, RESP-144, RESP-145","Implement CDISC Standards (https://www.notion.so/Implement-CDISC-Standards-2753dedf98568106a4e9e8916afedaca?pvs=21), Map Data Domains (https://www.notion.so/Map-Data-Domains-2753dedf98568106bc81ef753fa2fc38?pvs=21), Create SDTM Datasets (https://www.notion.so/Create-SDTM-Datasets-2753dedf985681efba34ffd3d5cd99e9?pvs=21), Develop ADaM Datasets (https://www.notion.so/Develop-ADaM-Datasets-2753dedf985681418b1dced238a81597?pvs=21), Validate Submissions (https://www.notion.so/Validate-Submissions-2753dedf985681e0b772d5d9a3422270?pvs=21)",ROLE-029,Data Management (https://www.notion.so/Data-Management-2753dedf9856819686e0da5cc1c5e788?pvs=21),Clinical Development (https://www.notion.so/Clinical-Development-2753dedf985681abb32ce2905afa34f7?pvs=21)
Head of Biostatistics,Leads biostatistics function,DEPT-007,FUNC-002,"RESP-146, RESP-147, RESP-148, RESP-149, RESP-150","Lead Biostatistics (https://www.notion.so/Lead-Biostatistics-2753dedf9856819cbbb1d52e0653c7be?pvs=21), Review Statistical Plans (https://www.notion.so/Review-Statistical-Plans-2753dedf9856818cadc8ef1f6c29c767?pvs=21), Oversee Statistical Analysis (https://www.notion.so/Oversee-Statistical-Analysis-2753dedf985681b2b73ce46c29b62fee?pvs=21), Interface with Regulators (https://www.notion.so/Interface-with-Regulators-2753dedf985681c3b25bdbda2b09eeb2?pvs=21), Present Statistical Results (https://www.notion.so/Present-Statistical-Results-2753dedf985681039cb6d38b12ffb4df?pvs=21)",ROLE-030,Biostatistics (https://www.notion.so/Biostatistics-2753dedf985681e4b45fcba7177ac2af?pvs=21),Clinical Development (https://www.notion.so/Clinical-Development-2753dedf985681abb32ce2905afa34f7?pvs=21)
Principal Biostatistician,Performs complex statistical analyses,DEPT-007,FUNC-002,"RESP-151, RESP-152, RESP-153, RESP-154, RESP-155","Develop SAPs (https://www.notion.so/Develop-SAPs-2753dedf9856818e88dbf17a1a8b674d?pvs=21), Perform Primary Analysis (https://www.notion.so/Perform-Primary-Analysis-2753dedf985681799409e699ad1e45ba?pvs=21), Conduct Safety Analysis (https://www.notion.so/Conduct-Safety-Analysis-2753dedf9856814e8461e14513925142?pvs=21), Calculate Sample Size (https://www.notion.so/Calculate-Sample-Size-2753dedf985681c19af9ccb46119ea5a?pvs=21), Support DMCs (https://www.notion.so/Support-DMCs-2753dedf985681d885eec101876d4fcb?pvs=21)",ROLE-031,Biostatistics (https://www.notion.so/Biostatistics-2753dedf985681e4b45fcba7177ac2af?pvs=21),Clinical Development (https://www.notion.so/Clinical-Development-2753dedf985681abb32ce2905afa34f7?pvs=21)
SAS Programmer,Specializes in SAS programming for clinical data,DEPT-007,FUNC-002,"RESP-161, RESP-162, RESP-163, RESP-164, RESP-165","Program in SAS (https://www.notion.so/Program-in-SAS-2753dedf98568165926acfd97daff115?pvs=21), Create SAS Macros (https://www.notion.so/Create-SAS-Macros-2753dedf985681509ee0cb0bff66afcb?pvs=21), Optimize SAS Code (https://www.notion.so/Optimize-SAS-Code-2753dedf9856815a838fd2519b2f56d4?pvs=21), Validate SAS Programs (https://www.notion.so/Validate-SAS-Programs-2753dedf985681b48732f789458a096c?pvs=21), Support SAS Users (https://www.notion.so/Support-SAS-Users-2753dedf985681588ef2c22dc6a772dd?pvs=21)",ROLE-033,Biostatistics (https://www.notion.so/Biostatistics-2753dedf985681e4b45fcba7177ac2af?pvs=21),Clinical Development (https://www.notion.so/Clinical-Development-2753dedf985681abb32ce2905afa34f7?pvs=21)
Statistical Programmer,Programs statistical analyses and reports,DEPT-007,FUNC-002,"RESP-156, RESP-157, RESP-158, RESP-159, RESP-160","Program Statistical Analyses (https://www.notion.so/Program-Statistical-Analyses-2753dedf9856816db985c3acf7c810d5?pvs=21), Create Analysis Datasets (https://www.notion.so/Create-Analysis-Datasets-2753dedf985681e7b7dbe1af482ba1c1?pvs=21), Generate TFLs (https://www.notion.so/Generate-TFLs-2753dedf985681889551ccbb2e120715?pvs=21), Validate Programs (https://www.notion.so/Validate-Programs-2753dedf985681e28292d14c6e04929d?pvs=21), Document Programming (https://www.notion.so/Document-Programming-2753dedf985681ebbf9ae18591eac411?pvs=21)",ROLE-032,Biostatistics (https://www.notion.so/Biostatistics-2753dedf985681e4b45fcba7177ac2af?pvs=21),Clinical Development (https://www.notion.so/Clinical-Development-2753dedf985681abb32ce2905afa34f7?pvs=21)
VP Regulatory Affairs,Leads global regulatory strategy,DEPT-008,FUNC-003,"RESP-166, RESP-167, RESP-168, RESP-169, RESP-170","Lead Regulatory Strategy (https://www.notion.so/Lead-Regulatory-Strategy-2753dedf985681408880cc2fd1a25c39?pvs=21), Interface with Agencies (https://www.notion.so/Interface-with-Agencies-2753dedf985681bdba73e189430f83d9?pvs=21), Oversee Submissions (https://www.notion.so/Oversee-Submissions-2753dedf9856818c8d1fefd53b67f4db?pvs=21), Manage Regulatory Risk (https://www.notion.so/Manage-Regulatory-Risk-2753dedf985681cd9ea6e098664fb987?pvs=21), Build Agency Relations (https://www.notion.so/Build-Agency-Relations-2753dedf98568101af40fe75b785784a?pvs=21)",ROLE-034,Global Regulatory (https://www.notion.so/Global-Regulatory-2753dedf98568181b82af877e153fb9a?pvs=21),Regulatory Affairs (https://www.notion.so/Regulatory-Affairs-2753dedf9856812abb3ef2fd0af54a35?pvs=21)
Regulatory Strategy Director,Develops regulatory strategies for products,DEPT-008,FUNC-003,"RESP-171, RESP-172, RESP-173, RESP-174, RESP-175","Develop Regulatory Plans (https://www.notion.so/Develop-Regulatory-Plans-2753dedf985681879545fcab7dfef104?pvs=21), Assess Regulatory Requirements (https://www.notion.so/Assess-Regulatory-Requirements-2753dedf98568163a84fecdde367ac20?pvs=21), Plan Regulatory Meetings (https://www.notion.so/Plan-Regulatory-Meetings-2753dedf9856815495c9e20318d27f48?pvs=21), Review Regulatory Intelligence (https://www.notion.so/Review-Regulatory-Intelligence-2753dedf985681e4b4e8f6d75d5e630e?pvs=21), Guide Submission Strategy (https://www.notion.so/Guide-Submission-Strategy-2753dedf985681b4ab09f1801758296c?pvs=21)",ROLE-035,Global Regulatory (https://www.notion.so/Global-Regulatory-2753dedf98568181b82af877e153fb9a?pvs=21),Regulatory Affairs (https://www.notion.so/Regulatory-Affairs-2753dedf9856812abb3ef2fd0af54a35?pvs=21)
Regulatory Writer,Authors regulatory documents and submissions,DEPT-008,FUNC-003,"RESP-181, RESP-182, RESP-183, RESP-184, RESP-185","Study Drug Mechanisms (https://www.notion.so/Study-Drug-Mechanisms-2753dedf9856810495d5d632756f4b08?pvs=21), Conduct PK/PD Studies (https://www.notion.so/Conduct-PK-PD-Studies-2753dedf985681d59a4bd893f1b62dea?pvs=21), Evaluate Drug Interactions (https://www.notion.so/Evaluate-Drug-Interactions-2753dedf985681ae84fbc3b38dc80dfe?pvs=21), Model Dose-Response (https://www.notion.so/Model-Dose-Response-2753dedf985681ad8f48d9983b6f196e?pvs=21), Predict Human Doses (https://www.notion.so/Predict-Human-Doses-2753dedf98568157a513c542c4bb1207?pvs=21), Write Regulatory Documents (https://www.notion.so/Write-Regulatory-Documents-2753dedf98568125b863c358288a67ea?pvs=21), Develop Clinical Summaries (https://www.notion.so/Develop-Clinical-Summaries-2753dedf9856812a87bfcdc236705fb0?pvs=21), Create Module 2 Documents (https://www.notion.so/Create-Module-2-Documents-2753dedf9856810dba33fc8c9f12103b?pvs=21), Write Responses to Agencies (https://www.notion.so/Write-Responses-to-Agencies-2753dedf985681f1809fd52ce8dbb3f2?pvs=21), Ensure Document Quality (https://www.notion.so/Ensure-Document-Quality-2753dedf985681d4a356c8077d563666?pvs=21)",ROLE-037,Global Regulatory (https://www.notion.so/Global-Regulatory-2753dedf98568181b82af877e153fb9a?pvs=21),Regulatory Affairs (https://www.notion.so/Regulatory-Affairs-2753dedf9856812abb3ef2fd0af54a35?pvs=21)
Regulatory Affairs Manager,Manages regulatory submissions and compliance,DEPT-008,FUNC-003,"RESP-176, RESP-177, RESP-178, RESP-179, RESP-180","Manage Submissions (https://www.notion.so/Manage-Submissions-2753dedf98568141bf1fddadbe6250d1?pvs=21), Compile Submission Documents (https://www.notion.so/Compile-Submission-Documents-2753dedf985681b18a24fd6f7f6ad06b?pvs=21), Track Regulatory Commitments (https://www.notion.so/Track-Regulatory-Commitments-2753dedf98568180860eef0c3af856f0?pvs=21), Coordinate Responses (https://www.notion.so/Coordinate-Responses-2753dedf985681a194a8f1ea6bae898c?pvs=21), Maintain Regulatory Files (https://www.notion.so/Maintain-Regulatory-Files-2753dedf985681aeae42cf9ea0c2c6d4?pvs=21)",ROLE-036,Global Regulatory (https://www.notion.so/Global-Regulatory-2753dedf98568181b82af877e153fb9a?pvs=21),Regulatory Affairs (https://www.notion.so/Regulatory-Affairs-2753dedf9856812abb3ef2fd0af54a35?pvs=21)
CMC Regulatory Head,Leads CMC regulatory strategy,DEPT-009,FUNC-003,"RESP-186, RESP-187, RESP-188, RESP-189, RESP-190","Lead CMC Regulatory (https://www.notion.so/Lead-CMC-Regulatory-2753dedf9856811aa390cb6cfc8838f1?pvs=21), Review CMC Data (https://www.notion.so/Review-CMC-Data-2753dedf9856811aa6b1da30dcad8c56?pvs=21), Interface with Manufacturing (https://www.notion.so/Interface-with-Manufacturing-2753dedf9856812896b5d6bd1e2c80ae?pvs=21), Assess CMC Changes (https://www.notion.so/Assess-CMC-Changes-2753dedf98568187bffbc5f57102543d?pvs=21), Guide CMC Submissions (https://www.notion.so/Guide-CMC-Submissions-2753dedf98568142a85efd5ec5c15eda?pvs=21)",ROLE-038,Regulatory CMC (https://www.notion.so/Regulatory-CMC-2753dedf9856819294b2e897be220b63?pvs=21),Regulatory Affairs (https://www.notion.so/Regulatory-Affairs-2753dedf9856812abb3ef2fd0af54a35?pvs=21)
Technical Writer,Creates technical regulatory documentation,DEPT-009,FUNC-003,"RESP-196, RESP-197, RESP-198, RESP-199, RESP-200","Write Technical Documents (https://www.notion.so/Write-Technical-Documents-2753dedf985681c28296c582165faa32?pvs=21), Develop Process Descriptions (https://www.notion.so/Develop-Process-Descriptions-2753dedf9856811c89f4fd1b666e697b?pvs=21), Create Specifications (https://www.notion.so/Create-Specifications-2753dedf9856812e9afcdc0a46a4999e?pvs=21), Write Validation Reports (https://www.notion.so/Write-Validation-Reports-2753dedf98568167b0c7db4a04d0bdf0?pvs=21), Document Analytical Methods (https://www.notion.so/Document-Analytical-Methods-2753dedf9856811aa98df67c94b6efc0?pvs=21)",ROLE-040,Regulatory CMC (https://www.notion.so/Regulatory-CMC-2753dedf9856819294b2e897be220b63?pvs=21),Regulatory Affairs (https://www.notion.so/Regulatory-Affairs-2753dedf9856812abb3ef2fd0af54a35?pvs=21)
CMC Regulatory Manager,Manages CMC regulatory submissions,DEPT-009,FUNC-003,"RESP-191, RESP-192, RESP-193, RESP-194, RESP-195","Manage CMC Submissions (https://www.notion.so/Manage-CMC-Submissions-2753dedf9856812f8793d581b26d6181?pvs=21), Compile CMC Dossiers (https://www.notion.so/Compile-CMC-Dossiers-2753dedf98568174990ac9d05051af75?pvs=21), Review Manufacturing Changes (https://www.notion.so/Review-Manufacturing-Changes-2753dedf985681bda4c7fa30a7f85ecb?pvs=21), Coordinate Stability Data (https://www.notion.so/Coordinate-Stability-Data-2753dedf9856812c93abe3b23b9db2ad?pvs=21), Track CMC Commitments (https://www.notion.so/Track-CMC-Commitments-2753dedf985681c5aec4ce1db3cd744f?pvs=21)",ROLE-039,Regulatory CMC (https://www.notion.so/Regulatory-CMC-2753dedf9856819294b2e897be220b63?pvs=21),Regulatory Affairs (https://www.notion.so/Regulatory-Affairs-2753dedf9856812abb3ef2fd0af54a35?pvs=21)
Regulatory Intelligence Lead,Monitors regulatory landscape and trends,DEPT-010,FUNC-003,"RESP-201, RESP-202, RESP-203, RESP-204, RESP-205",,ROLE-041,Regulatory Intelligence (https://www.notion.so/Regulatory-Intelligence-2753dedf98568161babefe493e6fdc3f?pvs=21),Regulatory Affairs (https://www.notion.so/Regulatory-Affairs-2753dedf9856812abb3ef2fd0af54a35?pvs=21)
Intelligence Analyst,Analyzes regulatory and competitive intelligence,DEPT-010,FUNC-003,"RESP-206, RESP-207, RESP-208, RESP-209, RESP-210",,ROLE-042,Regulatory Intelligence (https://www.notion.so/Regulatory-Intelligence-2753dedf98568161babefe493e6fdc3f?pvs=21),Regulatory Affairs (https://www.notion.so/Regulatory-Affairs-2753dedf9856812abb3ef2fd0af54a35?pvs=21)
Policy Analyst,Analyzes healthcare policy impacts,DEPT-010,FUNC-003,"RESP-211, RESP-212, RESP-213, RESP-214, RESP-215",,ROLE-043,Regulatory Intelligence (https://www.notion.so/Regulatory-Intelligence-2753dedf98568161babefe493e6fdc3f?pvs=21),Regulatory Affairs (https://www.notion.so/Regulatory-Affairs-2753dedf9856812abb3ef2fd0af54a35?pvs=21)
Head of API Manufacturing,Leads drug substance manufacturing,DEPT-011,FUNC-004,"RESP-216, RESP-217, RESP-218, RESP-219, RESP-220",,ROLE-044,Drug Substance (https://www.notion.so/Drug-Substance-2753dedf9856813ea7f6ce349b4b674b?pvs=21),Manufacturing (https://www.notion.so/Manufacturing-2753dedf98568143b8aae54ed6653b0b?pvs=21)
Process Engineer,Optimizes manufacturing processes,DEPT-011,FUNC-004,"RESP-216, RESP-217, RESP-218, RESP-219, RESP-220",,ROLE-045,Drug Substance (https://www.notion.so/Drug-Substance-2753dedf9856813ea7f6ce349b4b674b?pvs=21),Manufacturing (https://www.notion.so/Manufacturing-2753dedf98568143b8aae54ed6653b0b?pvs=21)
Production Manager,Manages day-to-day production operations,DEPT-011,FUNC-004,"RESP-216, RESP-217, RESP-218, RESP-219, RESP-220",,ROLE-046,Drug Substance (https://www.notion.so/Drug-Substance-2753dedf9856813ea7f6ce349b4b674b?pvs=21),Manufacturing (https://www.notion.so/Manufacturing-2753dedf98568143b8aae54ed6653b0b?pvs=21)
Process Development Scientist,Develops and scales manufacturing processes,DEPT-011,FUNC-004,"RESP-216, RESP-217, RESP-218, RESP-219, RESP-220",,ROLE-047,Drug Substance (https://www.notion.so/Drug-Substance-2753dedf9856813ea7f6ce349b4b674b?pvs=21),Manufacturing (https://www.notion.so/Manufacturing-2753dedf98568143b8aae54ed6653b0b?pvs=21)
Head of Formulation,Leads drug product development,DEPT-012,FUNC-004,"RESP-236, RESP-237, RESP-238, RESP-239, RESP-240",,ROLE-048,Drug Product (https://www.notion.so/Drug-Product-2753dedf985681f0acabfba280308664?pvs=21),Manufacturing (https://www.notion.so/Manufacturing-2753dedf98568143b8aae54ed6653b0b?pvs=21)
Formulation Scientist,Develops drug product formulations,DEPT-012,FUNC-004,"RESP-241, RESP-242, RESP-243, RESP-244, RESP-245",,ROLE-049,Drug Product (https://www.notion.so/Drug-Product-2753dedf985681f0acabfba280308664?pvs=21),Manufacturing (https://www.notion.so/Manufacturing-2753dedf98568143b8aae54ed6653b0b?pvs=21)
Packaging Engineer,Designs pharmaceutical packaging,DEPT-012,FUNC-004,"RESP-246, RESP-247, RESP-248, RESP-249, RESP-250",,ROLE-050,Drug Product (https://www.notion.so/Drug-Product-2753dedf985681f0acabfba280308664?pvs=21),Manufacturing (https://www.notion.so/Manufacturing-2753dedf98568143b8aae54ed6653b0b?pvs=21)
Supply Chain Director,Leads supply chain operations,DEPT-013,FUNC-004,"RESP-256, RESP-257, RESP-258, RESP-259, RESP-260",,ROLE-052,Supply Chain (https://www.notion.so/Supply-Chain-2753dedf9856816a8e25c7b3f42ef6e0?pvs=21),Manufacturing (https://www.notion.so/Manufacturing-2753dedf98568143b8aae54ed6653b0b?pvs=21)
Analytical Scientist,Develops analytical methods,DEPT-012,FUNC-004,"RESP-251, RESP-252, RESP-253, RESP-254, RESP-255",,ROLE-051,Drug Product (https://www.notion.so/Drug-Product-2753dedf985681f0acabfba280308664?pvs=21),Manufacturing (https://www.notion.so/Manufacturing-2753dedf98568143b8aae54ed6653b0b?pvs=21)
Demand Planner,Forecasts product demand,DEPT-013,FUNC-004,"RESP-261, RESP-262, RESP-263, RESP-264, RESP-265",,ROLE-053,Supply Chain (https://www.notion.so/Supply-Chain-2753dedf9856816a8e25c7b3f42ef6e0?pvs=21),Manufacturing (https://www.notion.so/Manufacturing-2753dedf98568143b8aae54ed6653b0b?pvs=21)
Supply Planner,Plans production and inventory,DEPT-013,FUNC-004,"RESP-266, RESP-267, RESP-268, RESP-269, RESP-270",,ROLE-054,Supply Chain (https://www.notion.so/Supply-Chain-2753dedf9856816a8e25c7b3f42ef6e0?pvs=21),Manufacturing (https://www.notion.so/Manufacturing-2753dedf98568143b8aae54ed6653b0b?pvs=21)
Logistics Manager,Manages product distribution,DEPT-013,FUNC-004,"RESP-271, RESP-272, RESP-273, RESP-274, RESP-275",,ROLE-055,Supply Chain (https://www.notion.so/Supply-Chain-2753dedf9856816a8e25c7b3f42ef6e0?pvs=21),Manufacturing (https://www.notion.so/Manufacturing-2753dedf98568143b8aae54ed6653b0b?pvs=21)
QA Director,Directs quality assurance activities,DEPT-014,FUNC-005,"RESP-281, RESP-282, RESP-283, RESP-284, RESP-285",,ROLE-057,Quality Assurance (https://www.notion.so/Quality-Assurance-2753dedf985681d0a940c2bced3721f9?pvs=21),Quality (https://www.notion.so/Quality-2753dedf9856817c8d4eeaf91c705fc7?pvs=21)
VP Quality,Leads quality organization,DEPT-014,FUNC-005,"RESP-276, RESP-277, RESP-278, RESP-279, RESP-280",,ROLE-056,Quality Assurance (https://www.notion.so/Quality-Assurance-2753dedf985681d0a940c2bced3721f9?pvs=21),Quality (https://www.notion.so/Quality-2753dedf9856817c8d4eeaf91c705fc7?pvs=21)
QA Manager,Manages quality systems and processes,DEPT-014,FUNC-005,"RESP-286, RESP-287, RESP-288, RESP-289, RESP-290",,ROLE-058,Quality Assurance (https://www.notion.so/Quality-Assurance-2753dedf985681d0a940c2bced3721f9?pvs=21),Quality (https://www.notion.so/Quality-2753dedf9856817c8d4eeaf91c705fc7?pvs=21)
QC Director,Leads quality control operations,DEPT-015,FUNC-005,"RESP-296, RESP-297, RESP-298, RESP-299, RESP-300",,ROLE-060,Quality Control (https://www.notion.so/Quality-Control-2753dedf9856818b9181c1780f524e9d?pvs=21),Quality (https://www.notion.so/Quality-2753dedf9856817c8d4eeaf91c705fc7?pvs=21)
Validation Specialist,Performs equipment and process validation,DEPT-014,FUNC-005,"RESP-291, RESP-292, RESP-293, RESP-294, RESP-295",,ROLE-059,Quality Assurance (https://www.notion.so/Quality-Assurance-2753dedf985681d0a940c2bced3721f9?pvs=21),Quality (https://www.notion.so/Quality-2753dedf9856817c8d4eeaf91c705fc7?pvs=21)
QC Analyst,Performs quality control testing,DEPT-015,FUNC-005,"RESP-306, RESP-307, RESP-308, RESP-309, RESP-310",,ROLE-062,Quality Control (https://www.notion.so/Quality-Control-2753dedf9856818b9181c1780f524e9d?pvs=21),Quality (https://www.notion.so/Quality-2753dedf9856817c8d4eeaf91c705fc7?pvs=21)
QC Lab Manager,Manages QC laboratories,DEPT-015,FUNC-005,"RESP-301, RESP-302, RESP-303, RESP-304, RESP-305",,ROLE-061,Quality Control (https://www.notion.so/Quality-Control-2753dedf9856818b9181c1780f524e9d?pvs=21),Quality (https://www.notion.so/Quality-2753dedf9856817c8d4eeaf91c705fc7?pvs=21)
Compliance Director,Oversees GxP compliance programs,DEPT-016,FUNC-005,"RESP-316, RESP-317, RESP-318, RESP-319, RESP-320",,ROLE-064,Quality Compliance (https://www.notion.so/Quality-Compliance-2753dedf985681d4bbb1f6784cb60031?pvs=21),Quality (https://www.notion.so/Quality-2753dedf9856817c8d4eeaf91c705fc7?pvs=21)
Microbiologist,Performs microbiological testing,DEPT-015,FUNC-005,"RESP-311, RESP-312, RESP-313, RESP-314, RESP-315",,ROLE-063,Quality Control (https://www.notion.so/Quality-Control-2753dedf9856818b9181c1780f524e9d?pvs=21),Quality (https://www.notion.so/Quality-2753dedf9856817c8d4eeaf91c705fc7?pvs=21)
Compliance Manager,Manages compliance activities,DEPT-016,FUNC-005,"RESP-321, RESP-322, RESP-323, RESP-324, RESP-325",,ROLE-065,Quality Compliance (https://www.notion.so/Quality-Compliance-2753dedf985681d4bbb1f6784cb60031?pvs=21),Quality (https://www.notion.so/Quality-2753dedf9856817c8d4eeaf91c705fc7?pvs=21)
MSL Director,Leads medical science liaison team,DEPT-017,FUNC-006,"RESP-331, RESP-332, RESP-333, RESP-334, RESP-335",,ROLE-067,Medical Science Liaisons (https://www.notion.so/Medical-Science-Liaisons-2753dedf9856812bac02c8f28dbd5b52?pvs=21),Medical Affairs (https://www.notion.so/Medical-Affairs-2753dedf98568199b005d55c03e05a2e?pvs=21)
Data Integrity Specialist,Ensures data integrity compliance,DEPT-016,FUNC-005,"RESP-326, RESP-327, RESP-328, RESP-329, RESP-330",,ROLE-066,Quality Compliance (https://www.notion.so/Quality-Compliance-2753dedf985681d4bbb1f6784cb60031?pvs=21),Quality (https://www.notion.so/Quality-2753dedf9856817c8d4eeaf91c705fc7?pvs=21)
Regional MSL,Regional medical science liaison,DEPT-017,FUNC-006,"RESP-341, RESP-342, RESP-343, RESP-344, RESP-345",,ROLE-069,Medical Science Liaisons (https://www.notion.so/Medical-Science-Liaisons-2753dedf9856812bac02c8f28dbd5b52?pvs=21),Medical Affairs (https://www.notion.so/Medical-Affairs-2753dedf98568199b005d55c03e05a2e?pvs=21)
Senior MSL,Senior medical science liaison,DEPT-017,FUNC-006,"RESP-336, RESP-337, RESP-338, RESP-339, RESP-340",,ROLE-068,Medical Science Liaisons (https://www.notion.so/Medical-Science-Liaisons-2753dedf9856812bac02c8f28dbd5b52?pvs=21),Medical Affairs (https://www.notion.so/Medical-Affairs-2753dedf98568199b005d55c03e05a2e?pvs=21)
Medical Information Manager,Manages medical information services,DEPT-018,FUNC-006,"RESP-346, RESP-347, RESP-348, RESP-349, RESP-350",,ROLE-070,Medical Information (https://www.notion.so/Medical-Information-2753dedf9856810899b7f007fd0f4ae4?pvs=21),Medical Affairs (https://www.notion.so/Medical-Affairs-2753dedf98568199b005d55c03e05a2e?pvs=21)
Medical Information Specialist,Responds to medical inquiries,DEPT-018,FUNC-006,"RESP-351, RESP-352, RESP-353, RESP-354, RESP-355",,ROLE-071,Medical Information (https://www.notion.so/Medical-Information-2753dedf9856810899b7f007fd0f4ae4?pvs=21),Medical Affairs (https://www.notion.so/Medical-Affairs-2753dedf98568199b005d55c03e05a2e?pvs=21)
Medical Writer,Creates medical and scientific content,DEPT-018,FUNC-006,"RESP-356, RESP-357, RESP-358, RESP-359, RESP-360",,ROLE-072,Medical Information (https://www.notion.so/Medical-Information-2753dedf9856810899b7f007fd0f4ae4?pvs=21),Medical Affairs (https://www.notion.so/Medical-Affairs-2753dedf98568199b005d55c03e05a2e?pvs=21)
Publication Manager,Manages publication planning and execution,DEPT-019,FUNC-006,"RESP-366, RESP-367, RESP-368, RESP-369, RESP-370",,ROLE-074,Medical Communications (https://www.notion.so/Medical-Communications-2753dedf98568119a97fd56ca4749a28?pvs=21),Medical Affairs (https://www.notion.so/Medical-Affairs-2753dedf98568199b005d55c03e05a2e?pvs=21)
Medical Communications Director,Leads medical communications strategy,DEPT-019,FUNC-006,"RESP-361, RESP-362, RESP-363, RESP-364, RESP-365",,ROLE-073,Medical Communications (https://www.notion.so/Medical-Communications-2753dedf98568119a97fd56ca4749a28?pvs=21),Medical Affairs (https://www.notion.so/Medical-Affairs-2753dedf98568199b005d55c03e05a2e?pvs=21)
Congress Manager,Manages medical congress activities,DEPT-019,FUNC-006,"RESP-371, RESP-372, RESP-373, RESP-374, RESP-375",,ROLE-075,Medical Communications (https://www.notion.so/Medical-Communications-2753dedf98568119a97fd56ca4749a28?pvs=21),
Chief Safety Officer,Leads pharmacovigilance organization,DEPT-020,FUNC-007,"RESP-376, RESP-377, RESP-378, RESP-379, RESP-380",,ROLE-076,Drug Safety (https://www.notion.so/Drug-Safety-2753dedf98568108b55cd328c72b0e50?pvs=21),Pharmacovigilance (https://www.notion.so/Pharmacovigilance-2753dedf98568122a714e1c05ddaa14e?pvs=21)
Pharmacovigilance Director,Directs drug safety operations,DEPT-020,FUNC-007,"RESP-381, RESP-382, RESP-383, RESP-384, RESP-385",,ROLE-077,Drug Safety (https://www.notion.so/Drug-Safety-2753dedf98568108b55cd328c72b0e50?pvs=21),Pharmacovigilance (https://www.notion.so/Pharmacovigilance-2753dedf98568122a714e1c05ddaa14e?pvs=21)
Drug Safety Scientist,Analyzes safety data and signals,DEPT-020,FUNC-007,"RESP-386, RESP-387, RESP-388, RESP-389, RESP-390",,ROLE-078,Drug Safety (https://www.notion.so/Drug-Safety-2753dedf98568108b55cd328c72b0e50?pvs=21),Pharmacovigilance (https://www.notion.so/Pharmacovigilance-2753dedf98568122a714e1c05ddaa14e?pvs=21)
Risk Management Director,Leads risk management activities,DEPT-021,FUNC-007,"RESP-396, RESP-397, RESP-398, RESP-399, RESP-400",,ROLE-080,Risk Management (https://www.notion.so/Risk-Management-2753dedf9856812b81b3fe582b22637d?pvs=21),Pharmacovigilance (https://www.notion.so/Pharmacovigilance-2753dedf98568122a714e1c05ddaa14e?pvs=21)
Safety Physician,Provides medical assessment of safety data,DEPT-020,FUNC-007,"RESP-391, RESP-392, RESP-393, RESP-394, RESP-395",,ROLE-079,Drug Safety (https://www.notion.so/Drug-Safety-2753dedf98568108b55cd328c72b0e50?pvs=21),Pharmacovigilance (https://www.notion.so/Pharmacovigilance-2753dedf98568122a714e1c05ddaa14e?pvs=21)
Risk Management Scientist,Develops risk management strategies,DEPT-021,FUNC-007,"RESP-401, RESP-402, RESP-403, RESP-404, RESP-405",,ROLE-081,Risk Management (https://www.notion.so/Risk-Management-2753dedf9856812b81b3fe582b22637d?pvs=21),Pharmacovigilance (https://www.notion.so/Pharmacovigilance-2753dedf98568122a714e1c05ddaa14e?pvs=21)
REMS Specialist,Manages REMS programs,DEPT-021,FUNC-007,"RESP-406, RESP-407, RESP-408, RESP-409, RESP-410",,ROLE-082,Risk Management (https://www.notion.so/Risk-Management-2753dedf9856812b81b3fe582b22637d?pvs=21),Pharmacovigilance (https://www.notion.so/Pharmacovigilance-2753dedf98568122a714e1c05ddaa14e?pvs=21)
Head of Epidemiology,Leads epidemiology studies,DEPT-022,FUNC-007,"RESP-411, RESP-412, RESP-413, RESP-414, RESP-415",,ROLE-083,Epidemiology (https://www.notion.so/Epidemiology-2753dedf98568106813eefbe5b5efd2f?pvs=21),Pharmacovigilance (https://www.notion.so/Pharmacovigilance-2753dedf98568122a714e1c05ddaa14e?pvs=21)
Epidemiologist,Conducts epidemiological research,DEPT-022,FUNC-007,"RESP-416, RESP-417, RESP-418, RESP-419, RESP-420",,ROLE-084,Epidemiology (https://www.notion.so/Epidemiology-2753dedf98568106813eefbe5b5efd2f?pvs=21),Pharmacovigilance (https://www.notion.so/Pharmacovigilance-2753dedf98568122a714e1c05ddaa14e?pvs=21)
Real-World Evidence Scientist,Generates real-world evidence,DEPT-022,FUNC-007,"RESP-421, RESP-422, RESP-423, RESP-424, RESP-425",,ROLE-085,Epidemiology (https://www.notion.so/Epidemiology-2753dedf98568106813eefbe5b5efd2f?pvs=21),Pharmacovigilance (https://www.notion.so/Pharmacovigilance-2753dedf98568122a714e1c05ddaa14e?pvs=21)
VP Marketing,Leads marketing organization,DEPT-023,FUNC-008,"RESP-426, RESP-427, RESP-428, RESP-429, RESP-430",,ROLE-086,Marketing (https://www.notion.so/Marketing-2753dedf985681c988fbfa3690992c25?pvs=21),Commercial (https://www.notion.so/Commercial-2753dedf9856816f9983db780558719c?pvs=21)
Brand Director,Directs brand strategy and execution,DEPT-023,FUNC-008,"RESP-431, RESP-432, RESP-433, RESP-434, RESP-435",,ROLE-087,Marketing (https://www.notion.so/Marketing-2753dedf985681c988fbfa3690992c25?pvs=21),Commercial (https://www.notion.so/Commercial-2753dedf9856816f9983db780558719c?pvs=21)
Product Manager,Manages product marketing,DEPT-023,FUNC-008,"RESP-436, RESP-437, RESP-438, RESP-439, RESP-440",,ROLE-088,Marketing (https://www.notion.so/Marketing-2753dedf985681c988fbfa3690992c25?pvs=21),Commercial (https://www.notion.so/Commercial-2753dedf9856816f9983db780558719c?pvs=21)
Marketing Manager,Executes marketing campaigns,DEPT-023,FUNC-008,"RESP-441, RESP-442, RESP-443, RESP-444, RESP-445",,ROLE-089,Marketing (https://www.notion.so/Marketing-2753dedf985681c988fbfa3690992c25?pvs=21),Commercial (https://www.notion.so/Commercial-2753dedf9856816f9983db780558719c?pvs=21)
Digital Marketing Specialist,Manages digital marketing channels,DEPT-023,FUNC-008,"RESP-446, RESP-447, RESP-448, RESP-449, RESP-450",,ROLE-090,Marketing (https://www.notion.so/Marketing-2753dedf985681c988fbfa3690992c25?pvs=21),Commercial (https://www.notion.so/Commercial-2753dedf9856816f9983db780558719c?pvs=21)
VP Sales,Leads sales organization,DEPT-024,FUNC-008,"RESP-451, RESP-452, RESP-453, RESP-454, RESP-455",,ROLE-091,Sales (https://www.notion.so/Sales-2753dedf985681bc8e71df07523c0b91?pvs=21),Commercial (https://www.notion.so/Commercial-2753dedf9856816f9983db780558719c?pvs=21)
National Sales Director,Directs national sales operations,DEPT-024,FUNC-008,"RESP-456, RESP-457, RESP-458, RESP-459, RESP-460",,ROLE-092,Sales (https://www.notion.so/Sales-2753dedf985681bc8e71df07523c0b91?pvs=21),Commercial (https://www.notion.so/Commercial-2753dedf9856816f9983db780558719c?pvs=21)
Regional Sales Manager,Manages regional sales teams,DEPT-024,FUNC-008,"RESP-461, RESP-462, RESP-463, RESP-464, RESP-465",,ROLE-093,Sales (https://www.notion.so/Sales-2753dedf985681bc8e71df07523c0b91?pvs=21),Commercial (https://www.notion.so/Commercial-2753dedf9856816f9983db780558719c?pvs=21)
Territory Manager,Manages sales territory,DEPT-024,FUNC-008,"RESP-466, RESP-467, RESP-468, RESP-469, RESP-470",,ROLE-094,Sales (https://www.notion.so/Sales-2753dedf985681bc8e71df07523c0b91?pvs=21),Commercial (https://www.notion.so/Commercial-2753dedf9856816f9983db780558719c?pvs=21)
Pricing Manager,Develops pricing strategies,DEPT-025,FUNC-008,"RESP-476, RESP-477, RESP-478, RESP-479, RESP-480",,ROLE-096,Market Access (https://www.notion.so/Market-Access-2753dedf98568100a247c608a34f8c72?pvs=21),Commercial (https://www.notion.so/Commercial-2753dedf9856816f9983db780558719c?pvs=21)
Market Access Director,Leads market access strategy,DEPT-025,FUNC-008,"RESP-471, RESP-472, RESP-473, RESP-474, RESP-475",,ROLE-095,Market Access (https://www.notion.so/Market-Access-2753dedf98568100a247c608a34f8c72?pvs=21),Commercial (https://www.notion.so/Commercial-2753dedf9856816f9983db780558719c?pvs=21)
Reimbursement Specialist,Manages reimbursement processes,DEPT-025,FUNC-008,"RESP-481, RESP-482, RESP-483, RESP-484, RESP-485",,ROLE-097,Market Access (https://www.notion.so/Market-Access-2753dedf98568100a247c608a34f8c72?pvs=21),Commercial (https://www.notion.so/Commercial-2753dedf9856816f9983db780558719c?pvs=21)
HEOR Director,Leads health economics and outcomes research,DEPT-026,FUNC-008,"RESP-491, RESP-492, RESP-493, RESP-494, RESP-495",,ROLE-099,HEOR (https://www.notion.so/HEOR-2753dedf98568175a2dad51c13857c22?pvs=21),Commercial (https://www.notion.so/Commercial-2753dedf9856816f9983db780558719c?pvs=21)
Payer Relations Manager,Manages relationships with payers,DEPT-025,FUNC-008,"RESP-486, RESP-487, RESP-488, RESP-489, RESP-490",,ROLE-098,Market Access (https://www.notion.so/Market-Access-2753dedf98568100a247c608a34f8c72?pvs=21),Commercial (https://www.notion.so/Commercial-2753dedf9856816f9983db780558719c?pvs=21)
Outcomes Research Scientist,Conducts outcomes research,DEPT-026,FUNC-008,"RESP-501, RESP-502, RESP-503, RESP-504, RESP-505",,ROLE-101,HEOR (https://www.notion.so/HEOR-2753dedf98568175a2dad51c13857c22?pvs=21),Commercial (https://www.notion.so/Commercial-2753dedf9856816f9983db780558719c?pvs=21)
Health Economist,Conducts economic analyses,DEPT-026,FUNC-008,"RESP-496, RESP-497, RESP-498, RESP-499, RESP-500",,ROLE-100,HEOR (https://www.notion.so/HEOR-2753dedf98568175a2dad51c13857c22?pvs=21),Commercial (https://www.notion.so/Commercial-2753dedf9856816f9983db780558719c?pvs=21)
HTA Specialist,Manages HTA submissions,DEPT-026,FUNC-008,"RESP-506, RESP-507, RESP-508, RESP-509, RESP-510",,ROLE-102,HEOR (https://www.notion.so/HEOR-2753dedf98568175a2dad51c13857c22?pvs=21),Commercial (https://www.notion.so/Commercial-2753dedf9856816f9983db780558719c?pvs=21)
Chief Business Officer,Leads business development,DEPT-027,FUNC-009,"RESP-511, RESP-512, RESP-513, RESP-514, RESP-515",,ROLE-103,BD&L (https://www.notion.so/BD-L-2753dedf98568174b9ddf38ce64d7056?pvs=21),Business Development (https://www.notion.so/Business-Development-2753dedf985681cda353d8d0951c0a47?pvs=21)
BD Director,Directs business development activities,DEPT-027,FUNC-009,"RESP-516, RESP-517, RESP-518, RESP-519, RESP-520",,ROLE-104,BD&L (https://www.notion.so/BD-L-2753dedf98568174b9ddf38ce64d7056?pvs=21),Business Development (https://www.notion.so/Business-Development-2753dedf985681cda353d8d0951c0a47?pvs=21)
Licensing Manager,Manages licensing deals,DEPT-027,FUNC-009,"RESP-521, RESP-522, RESP-523, RESP-524, RESP-525",,ROLE-105,BD&L (https://www.notion.so/BD-L-2753dedf98568174b9ddf38ce64d7056?pvs=21),Business Development (https://www.notion.so/Business-Development-2753dedf985681cda353d8d0951c0a47?pvs=21)
Alliance Manager,Manages strategic alliances,DEPT-027,FUNC-009,"RESP-526, RESP-527, RESP-528, RESP-529, RESP-530",,ROLE-106,BD&L (https://www.notion.so/BD-L-2753dedf98568174b9ddf38ce64d7056?pvs=21),Business Development (https://www.notion.so/Business-Development-2753dedf985681cda353d8d0951c0a47?pvs=21)
Strategy Director,Leads strategic planning,DEPT-028,FUNC-009,"RESP-531, RESP-532, RESP-533, RESP-534, RESP-535",,ROLE-107,Strategic Planning (https://www.notion.so/Strategic-Planning-2753dedf98568179b018d679d8fc4bae?pvs=21),Business Development (https://www.notion.so/Business-Development-2753dedf985681cda353d8d0951c0a47?pvs=21)
Strategic Planner,Develops strategic plans,DEPT-028,FUNC-009,"RESP-536, RESP-537, RESP-538, RESP-539, RESP-540",,ROLE-108,Strategic Planning (https://www.notion.so/Strategic-Planning-2753dedf98568179b018d679d8fc4bae?pvs=21),Business Development (https://www.notion.so/Business-Development-2753dedf985681cda353d8d0951c0a47?pvs=21)
Business Analyst,Analyzes business opportunities,DEPT-028,FUNC-009,"RESP-541, RESP-542, RESP-543, RESP-544, RESP-545",,ROLE-109,Strategic Planning (https://www.notion.so/Strategic-Planning-2753dedf98568179b018d679d8fc4bae?pvs=21),Business Development (https://www.notion.so/Business-Development-2753dedf985681cda353d8d0951c0a47?pvs=21)
General Counsel,Leads legal function,DEPT-029,FUNC-010,"RESP-546, RESP-547, RESP-548, RESP-549, RESP-550",,ROLE-110,Legal Affairs (https://www.notion.so/Legal-Affairs-2753dedf9856815a9c64dc0df2740948?pvs=21),Legal (https://www.notion.so/Legal-2753dedf985681dfb537f92ad5ccced5?pvs=21)
Patent Attorney,Manages patent portfolio,DEPT-029,FUNC-010,"RESP-551, RESP-552, RESP-553, RESP-554, RESP-555",,ROLE-111,Legal Affairs (https://www.notion.so/Legal-Affairs-2753dedf9856815a9c64dc0df2740948?pvs=21),Legal (https://www.notion.so/Legal-2753dedf985681dfb537f92ad5ccced5?pvs=21)
Regulatory Attorney,Provides regulatory legal counsel,DEPT-029,FUNC-010,"RESP-556, RESP-557, RESP-558, RESP-559, RESP-560",,ROLE-112,Legal Affairs (https://www.notion.so/Legal-Affairs-2753dedf9856815a9c64dc0df2740948?pvs=21),Legal (https://www.notion.so/Legal-2753dedf985681dfb537f92ad5ccced5?pvs=21)
Contract Manager,Manages contracts and agreements,DEPT-029,FUNC-010,"RESP-561, RESP-562, RESP-563, RESP-564, RESP-565",,ROLE-113,Legal Affairs (https://www.notion.so/Legal-Affairs-2753dedf9856815a9c64dc0df2740948?pvs=21),Legal (https://www.notion.so/Legal-2753dedf985681dfb537f92ad5ccced5?pvs=21)
IP Specialist,Manages intellectual property,DEPT-029,FUNC-010,"RESP-571, RESP-572, RESP-573, RESP-574, RESP-575",,ROLE-115,Legal Affairs (https://www.notion.so/Legal-Affairs-2753dedf9856815a9c64dc0df2740948?pvs=21),Legal (https://www.notion.so/Legal-2753dedf985681dfb537f92ad5ccced5?pvs=21)
Compliance Lawyer,Ensures legal compliance,DEPT-029,FUNC-010,"RESP-566, RESP-567, RESP-568, RESP-569, RESP-570",,ROLE-114,Legal Affairs (https://www.notion.so/Legal-Affairs-2753dedf9856815a9c64dc0df2740948?pvs=21),Legal (https://www.notion.so/Legal-2753dedf985681dfb537f92ad5ccced5?pvs=21)
Finance Director,Directs finance operations,DEPT-030,FUNC-011,"RESP-581, RESP-582, RESP-583, RESP-584, RESP-585",,ROLE-117,Finance & Accounting (https://www.notion.so/Finance-Accounting-2753dedf985681c1bcb7d18b3ee38ad9?pvs=21),Finance (https://www.notion.so/Finance-2753dedf98568120b866f8f1e648d809?pvs=21)
CFO,Chief Financial Officer,DEPT-030,FUNC-011,"RESP-576, RESP-577, RESP-578, RESP-579, RESP-580",,ROLE-116,Finance & Accounting (https://www.notion.so/Finance-Accounting-2753dedf985681c1bcb7d18b3ee38ad9?pvs=21),Finance (https://www.notion.so/Finance-2753dedf98568120b866f8f1e648d809?pvs=21)
Controller,Manages accounting and reporting,DEPT-030,FUNC-011,"RESP-586, RESP-587, RESP-588, RESP-589, RESP-590",,ROLE-118,Finance & Accounting (https://www.notion.so/Finance-Accounting-2753dedf985681c1bcb7d18b3ee38ad9?pvs=21),Finance (https://www.notion.so/Finance-2753dedf98568120b866f8f1e648d809?pvs=21)
FP&A Manager,Manages financial planning and analysis,DEPT-030,FUNC-011,"RESP-591, RESP-592, RESP-593, RESP-594, RESP-595",,ROLE-119,Finance & Accounting (https://www.notion.so/Finance-Accounting-2753dedf985681c1bcb7d18b3ee38ad9?pvs=21),Finance (https://www.notion.so/Finance-2753dedf98568120b866f8f1e648d809?pvs=21)
Cost Accountant,Manages cost accounting,DEPT-030,FUNC-011,"RESP-596, RESP-597, RESP-598, RESP-599, RESP-600",,ROLE-120,Finance & Accounting (https://www.notion.so/Finance-Accounting-2753dedf985681c1bcb7d18b3ee38ad9?pvs=21),Finance (https://www.notion.so/Finance-2753dedf98568120b866f8f1e648d809?pvs=21)
CIO,Chief Information Officer,DEPT-031,FUNC-012,"RESP-601, RESP-602, RESP-603, RESP-604, RESP-605",,ROLE-121,Information Technology (https://www.notion.so/Information-Technology-2753dedf985681dba387f647ed4a7eb5?pvs=21),IT/Digital (https://www.notion.so/IT-Digital-2753dedf9856813a80c1ed0c9c9461d3?pvs=21)
IT Director,Directs IT operations,DEPT-031,FUNC-012,"RESP-606, RESP-607, RESP-608, RESP-609, RESP-610",,ROLE-122,Information Technology (https://www.notion.so/Information-Technology-2753dedf985681dba387f647ed4a7eb5?pvs=21),IT/Digital (https://www.notion.so/IT-Digital-2753dedf9856813a80c1ed0c9c9461d3?pvs=21)
Data Scientist,Analyzes data and builds models,DEPT-031,FUNC-012,"RESP-616, RESP-617, RESP-618, RESP-619, RESP-620",,ROLE-124,Information Technology (https://www.notion.so/Information-Technology-2753dedf985681dba387f647ed4a7eb5?pvs=21),IT/Digital (https://www.notion.so/IT-Digital-2753dedf9856813a80c1ed0c9c9461d3?pvs=21)
System Architect,Designs IT systems architecture,DEPT-031,FUNC-012,"RESP-611, RESP-612, RESP-613, RESP-614, RESP-615",,ROLE-123,Information Technology (https://www.notion.so/Information-Technology-2753dedf985681dba387f647ed4a7eb5?pvs=21),IT/Digital (https://www.notion.so/IT-Digital-2753dedf9856813a80c1ed0c9c9461d3?pvs=21)
Digital Transformation Lead,Leads digital transformation initiatives,DEPT-031,FUNC-012,"RESP-626, RESP-627, RESP-628, RESP-629, RESP-630",,ROLE-126,Information Technology (https://www.notion.so/Information-Technology-2753dedf985681dba387f647ed4a7eb5?pvs=21),IT/Digital (https://www.notion.so/IT-Digital-2753dedf9856813a80c1ed0c9c9461d3?pvs=21)
Cybersecurity Specialist,Manages cybersecurity,DEPT-031,FUNC-012,"RESP-621, RESP-622, RESP-623, RESP-624, RESP-625",,ROLE-125,Information Technology (https://www.notion.so/Information-Technology-2753dedf985681dba387f647ed4a7eb5?pvs=21),IT/Digital (https://www.notion.so/IT-Digital-2753dedf9856813a80c1ed0c9c9461d3?pvs=21)